{"count":1,"self":2288.9639936,"total":5091.8891122999994,"children":{"InitializeActuators":{"count":6,"self":0.00051249999999999993,"total":0.00051249999999999993,"children":null},"InitializeSensors":{"count":6,"self":0.0022711,"total":0.0022711,"children":null},"AgentSendState":{"count":3333618,"self":99.1514816,"total":125.13466389999999,"children":{"CollectObservations":{"count":2000172,"self":1.6832032,"total":1.6832033,"children":null},"WriteActionMask":{"count":2000172,"self":1.1683772,"total":1.1683772,"children":null},"RequestDecision":{"count":2000172,"self":4.0362827999999995,"total":23.1316007,"children":{"AgentInfo.ToProto":{"count":2000172,"self":3.6239744,"total":19.095317899999998,"children":{"GenerateSensorData":{"count":2000172,"self":12.058755999999999,"total":15.471343399999999,"children":{"RayPerceptionSensor.Perceive":{"count":2000172,"self":3.4125872,"total":3.4125872,"children":null}}}}}}}}},"DecideAction":{"count":3333618,"self":2665.5420415999997,"total":2665.5419483,"children":null},"AgentAct":{"count":3333618,"self":11.461608799999999,"total":11.461608499999999,"children":null},"AgentInfo.ToProto":{"count":41197,"self":0.2175192,"total":0.7830897,"children":{"GenerateSensorData":{"count":41197,"self":0.4802131,"total":0.5655705,"children":{"RayPerceptionSensor.Perceive":{"count":41197,"self":0.0853574,"total":0.0853574,"children":null}}}}}},"gauges":{"JumperAgent.CumulativeReward":{"count":41197,"max":126.279449,"min":-2,"runningAverage":8.892768,"value":4.811725,"weightedAverage":11.12773}},"metadata":{"timer_format_version":"0.1.0","start_time_seconds":"1746396741","unity_version":"6000.0.41f1","command_line_arguments":"C:\\Program Files\\Unity\\Hub\\Editor\\6000.0.41f1\\Editor\\Unity.exe -projectpath C:\\Users\\steve\\OneDrive - AP Hogeschool Antwerpen\\INF2024-2025\\S2\\VR experience\\deel3 -useHub -hubIPC -cloudEnvironment production","communication_protocol_version":"1.5.0","com.unity.ml-agents_version":"3.0.0","scene_name":"Jumper","end_time_seconds":"1746401833"}}